web_scraper_order;web_scraper_start_url;container_urls;marque;annee;prix;adresse;proprietaire
1767575325-1;https://dakar-auto.com/senegal/location-de-voitures-19?&page=9;https://dakar-auto.com/senegal/location-de-voitures/occasion/location-de-voitures-1/ford/fusion/annonce-134587;Ford Fusion 2013 Dakar;Année: 2013;30 000 F CFA;Sicap Liberté;KINGCARS  Service
1767575328-2;https://dakar-auto.com/senegal/location-de-voitures-19?&page=9;https://dakar-auto.com/senegal/location-de-voitures/occasion/location-de-voitures-1/ford/explorer/annonce-134586;Ford Explorer 2012 Dakar;Année: 2012;40 000 F CFA;Sicap Liberté;KINGCARS  Service
1767575334-3;https://dakar-auto.com/senegal/location-de-voitures-19?&page=9;https://dakar-auto.com/senegal/location-de-voitures/occasion/location-de-voitures-1/hyundai/elantra/annonce-134581;Hyundai Elantra 2017 Dakar;Année: 2017;35 000 F CFA;Yoff;Abdia Sn
1767575339-4;https://dakar-auto.com/senegal/location-de-voitures-19?&page=9;https://dakar-auto.com/senegal/location-de-voitures/occasion/location-de-voitures-1/dodge/journey/annonce-134585;Dodge Journey 2012 Dakar;Année: 2012;30 000 F CFA;Yoff;A vos  services
1767575342-5;https://dakar-auto.com/senegal/location-de-voitures-19?&page=9;https://dakar-auto.com/senegal/location-de-voitures/occasion/location-de-voitures-1/hyundai/elantra/annonce-134584;Hyundai Elantra 2016 Dakar;Année: 2016;20 000 F CFA;Yoff;A vos  services
1767575346-6;https://dakar-auto.com/senegal/location-de-voitures-19?&page=9;https://dakar-auto.com/senegal/location-de-voitures/occasion/location-de-voitures-1/mazda/cx5/annonce-134579;Mazda cx5 2013 Dakar;Année: 2013;30 000 F CFA;Yoff;A vos  services
1767575352-7;https://dakar-auto.com/senegal/location-de-voitures-19?&page=8;https://dakar-auto.com/senegal/location-de-voitures/occasion/location-de-voitures-1/nissan/juke/annonce-134574;Nissan Juke 2012 Dakar;Année: 2012;25 000 F CFA;Yoff;A vos  services
1767575356-8;https://dakar-auto.com/senegal/location-de-voitures-19?&page=8;https://dakar-auto.com/senegal/location-de-voitures/occasion/location-de-voitures-1/dodge/dart/annonce-134577;Dodge Dart 2013 Dakar;Année: 2013;20 000 F CFA;Yoff;A vos  services
1767575360-9;https://dakar-auto.com/senegal/location-de-voitures-19?&page=8;https://dakar-auto.com/senegal/location-de-voitures/occasion/location-de-voitures-1/citroen/c3/annonce-134576;Citroen C3 2019 Dakar;Année: 2019;25 000 F CFA;Yoff;A vos  services
1767575364-10;https://dakar-auto.com/senegal/location-de-voitures-19?&page=8;https://dakar-auto.com/senegal/location-de-voitures/occasion/location-de-voitures-1/ford/fusion/annonce-134580;Ford Fusion 2017 Dakar;Année: 2017;25 000 F CFA;Ouest Foire;Logivit  Express
1767575368-11;https://dakar-auto.com/senegal/location-de-voitures-19?&page=8;https://dakar-auto.com/senegal/location-de-voitures/occasion/location-de-voitures-1/ford/fusion/annonce-134582;Ford Fusion 2017 Dakar;Année: 2017;30 000 F CFA;Point-E;Ousmane diagne
1767575371-12;https://dakar-auto.com/senegal/location-de-voitures-19?&page=8;https://dakar-auto.com/senegal/location-de-voitures/occasion/location-de-voitures-1/toyota/hiace/annonce-134599;Toyota Hiace 2020 Dakar;Année: 2020;NC;Mermoz Sacré-Coeur;Mapauto sn
1767575375-13;https://dakar-auto.com/senegal/location-de-voitures-19?&page=8;https://dakar-auto.com/senegal/location-de-voitures/occasion/location-de-voitures-1/mercedes/sprinter/annonce-134592;Mercedes Sprinter 2016 Dakar;Année: 2016;15 000 F CFA;Hann Bel-Air;Kena Impact  Groupes
1767575379-14;https://dakar-auto.com/senegal/location-de-voitures-19?&page=8;https://dakar-auto.com/senegal/location-de-voitures/occasion/location-de-voitures-1/hyundai/sonata/annonce-134593;Hyundai Sonata 2014 Dakar;Année: 2014;25 000 F CFA;Médina;Kena Impact  Groupes
1767575383-15;https://dakar-auto.com/senegal/location-de-voitures-19?&page=8;https://dakar-auto.com/senegal/location-de-voitures/occasion/location-de-voitures-1/peugeot/308/annonce-134588;Peugeot 308 2012 Dakar;Année: 2012;25 000 F CFA;Sicap Liberté;KINGCARS  Service
1767575386-16;https://dakar-auto.com/senegal/location-de-voitures-19?&page=8;https://dakar-auto.com/senegal/location-de-voitures/occasion/location-de-voitures-1/mercedes/viano/annonce-134598;Mercedes Viano 2010 Dakar;Année: 2010;NC;Mermoz Sacré-Coeur;Mapauto sn
1767575389-17;https://dakar-auto.com/senegal/location-de-voitures-19?&page=8;https://dakar-auto.com/senegal/location-de-voitures/occasion/location-de-voitures-1/peugeot/508/annonce-134597;Peugeot 508 2016 Dakar;Année: 2016;NC;Mermoz Sacré-Coeur;Mapauto sn
1767575392-18;https://dakar-auto.com/senegal/location-de-voitures-19?&page=8;https://dakar-auto.com/senegal/location-de-voitures/occasion/location-de-voitures-1/ford/transit/annonce-134591;Ford Transit 2016 Dakar;Année: 2016;60 000 F CFA;Médina;Kena Impact  Groupes
1767575395-19;https://dakar-auto.com/senegal/location-de-voitures-19?&page=8;https://dakar-auto.com/senegal/location-de-voitures/occasion/location-de-voitures-1/ford/edge/annonce-134590;Ford Edge 2013 Dakar;Année: 2013;40 000 F CFA;Sicap Liberté;KINGCARS  Service
1767575399-20;https://dakar-auto.com/senegal/location-de-voitures-19?&page=8;https://dakar-auto.com/senegal/location-de-voitures/occasion/location-de-voitures-1/ford/escape-se/annonce-134589;Ford ESCAPE-SE 2013 Dakar;Année: 2013;40 000 F CFA;Sicap Liberté;KINGCARS  Service
1767575404-21;https://dakar-auto.com/senegal/location-de-voitures-19?&page=8;https://dakar-auto.com/senegal/location-de-voitures/occasion/location-de-voitures-1/renault/master/annonce-134618;Renault Master 2017 Dakar;Année: 2017;NC;Yoff;A vos  services
1767575407-22;https://dakar-auto.com/senegal/location-de-voitures-19?&page=8;https://dakar-auto.com/senegal/location-de-voitures/occasion/location-de-voitures-1/nissan/juke/annonce-134619;Nissan Juke 2012 Dakar;Année: 2012;25 000 F CFA;Yoff;A vos  services
1767575411-23;https://dakar-auto.com/senegal/location-de-voitures-19?&page=8;https://dakar-auto.com/senegal/location-de-voitures/occasion/location-de-voitures-1/volkswagen/jetta/annonce-134682;Volkswagen Jetta 2016 Dakar;Année: 2016;20 000 F CFA;Plateau;Senegal TCS  ventes et locations
1767575414-24;https://dakar-auto.com/senegal/location-de-voitures-19?&page=8;https://dakar-auto.com/senegal/location-de-voitures/occasion/location-de-voitures-1/land-rover/range-rover-sport/annonce-134738;Land Rover range-rover-sport 2020 Dakar;Année: 2020;150 000 F CFA;Mermoz Sacré-Coeur;Mapauto sn
1767575425-25;https://dakar-auto.com/senegal/location-de-voitures-19?&page=7;https://dakar-auto.com/senegal/location-de-voitures/occasion/location-de-voitures-1/mercedes/classe-s-500/annonce-134739;Mercedes Classe S 500 2018 Dakar;Année: 2018;170 000 F CFA;Mermoz Sacré-Coeur;Mapauto sn
1767575428-26;https://dakar-auto.com/senegal/location-de-voitures-19?&page=7;https://dakar-auto.com/senegal/location-de-voitures/occasion/location-de-voitures-1/mercedes/viano/annonce-134740;Mercedes Viano 2010 Dakar;Année: 2010;NC;Mermoz Sacré-Coeur;Mapauto sn
1767575431-27;https://dakar-auto.com/senegal/location-de-voitures-19?&page=7;https://dakar-auto.com/senegal/location-de-voitures/occasion/location-de-voitures-1/nissan/rogue/annonce-134801;Nissan ROGUE 2016 Dakar;Année: 2016;40 000 F CFA;Hann Bel-Air;PAPA .
1767575435-28;https://dakar-auto.com/senegal/location-de-voitures-19?&page=7;https://dakar-auto.com/senegal/location-de-voitures/occasion/location-de-voitures-1/ford/flex-limited/annonce-134803;Ford Flex-limited 2019 Dakar;Année: 2019;60 000 F CFA;Hann Bel-Air;PAPA .
1767575438-29;https://dakar-auto.com/senegal/location-de-voitures-19?&page=7;https://dakar-auto.com/senegal/location-de-voitures/occasion/location-de-voitures-1/ford/escape-se/annonce-134671;Ford ESCAPE-SE 2014 Dakar;Année: 2014;40 000 F CFA;Ouest Foire;Optimus Debugger
1767575441-30;https://dakar-auto.com/senegal/location-de-voitures-19?&page=7;https://dakar-auto.com/senegal/location-de-voitures/occasion/location-de-voitures-1/ford/escape-se/annonce-134842;Ford ESCAPE-SE 2017 Dakar;Année: 2017;35 000 F CFA;Grand-Yoff;Transcar via  Sénégal
1767575445-31;https://dakar-auto.com/senegal/location-de-voitures-19?&page=7;https://dakar-auto.com/senegal/location-de-voitures/occasion/location-de-voitures-1/ford/edge/annonce-134856;Ford Edge 2013 Dakar;Année: 2013;35 000 F CFA;Mermoz Sacré-Coeur;A-T Auto
1767575448-32;https://dakar-auto.com/senegal/location-de-voitures-19?&page=7;https://dakar-auto.com/senegal/location-de-voitures/occasion/location-de-voitures-1/volkswagen/jetta/annonce-134894;Volkswagen Jetta 2018 Dakar;Année: 2018;20 000 F CFA;Grand-Dakar;A vos  services
1767575453-33;https://dakar-auto.com/senegal/location-de-voitures-19?&page=7;https://dakar-auto.com/senegal/location-de-voitures/occasion/location-de-voitures-1/hyundai/sonata/annonce-134908;Hyundai Sonata 2015 Dakar;Année: 2015;40 000 F CFA;Yoff;Abdia ...
1767575456-34;https://dakar-auto.com/senegal/location-de-voitures-19?&page=7;https://dakar-auto.com/senegal/location-de-voitures/occasion/location-de-voitures-1/mitsubishi/outlander/annonce-134914;Mitsubishi Outlander 2015 Dakar;Année: 2015;35 000 F CFA;Yoff;A vos  services
1767575459-35;https://dakar-auto.com/senegal/location-de-voitures-19?&page=7;https://dakar-auto.com/senegal/location-de-voitures/occasion/location-de-voitures-1/ford/escape-se/annonce-134918;Ford ESCAPE-SE 2016 Dakar;Année: 2016;35 000 F CFA;Grand-Yoff;Transcar via  Sénégal
1767575462-36;https://dakar-auto.com/senegal/location-de-voitures-19?&page=7;https://dakar-auto.com/senegal/location-de-voitures/occasion/location-de-voitures-1/nissan/pathfinder/annonce-134922;Nissan Pathfinder 2016 Dakar;Année: 2016;40 000 F CFA;Ouakam;LOCA VOITURE  DAKAR
1767575465-37;https://dakar-auto.com/senegal/location-de-voitures-19?&page=7;https://dakar-auto.com/senegal/location-de-voitures/occasion/location-de-voitures-1/hyundai/elantra/annonce-134934;Hyundai Elantra 2016 Dakar;Année: 2016;25 000 F CFA;Yoff;MBD  VOITURE
1767575468-38;https://dakar-auto.com/senegal/location-de-voitures-19?&page=7;https://dakar-auto.com/senegal/location-de-voitures/occasion/location-de-voitures-1/mercedes/classe-c/annonce-134935;Mercedes Classe C 2016 Dakar;Année: 2016;100 000 F CFA;Mamelles;Start& Drive
1767575473-39;https://dakar-auto.com/senegal/location-de-voitures-19?&page=7;https://dakar-auto.com/senegal/location-de-voitures/occasion/location-de-voitures-1/ford/fusion/annonce-134945;Ford Fusion 2014 Dakar;Année: 2014;35 000 F CFA;Mermoz Sacré-Coeur;Originodesign  Market
1767575476-40;https://dakar-auto.com/senegal/location-de-voitures-19?&page=7;https://dakar-auto.com/senegal/location-de-voitures/occasion/location-de-voitures-1/toyota/hilux/annonce-134963;Toyota Hilux 2012 Dakar;Année: 2012;40 000 F CFA;Hann Maristes;travelsencar ..
1767575479-41;https://dakar-auto.com/senegal/location-de-voitures-19?&page=7;https://dakar-auto.com/senegal/location-de-voitures/occasion/location-de-voitures-1/mitsubishi/rvr/annonce-134991;Mitsubishi RVR 2016 Dakar;Année: 2016;20 000 F CFA;Ouakam;LOCA VOITURE  DAKAR
1767575482-42;https://dakar-auto.com/senegal/location-de-voitures-19?&page=7;https://dakar-auto.com/senegal/location-de-voitures/occasion/location-de-voitures-1/peugeot/5008/annonce-135035;Peugeot 5008 2017 Dakar;Année: 2017;3 F CFA;Parcelles Assainies;Rasta Gadio
1767575485-43;https://dakar-auto.com/senegal/location-de-voitures-19?&page=7;https://dakar-auto.com/senegal/location-de-voitures/occasion/location-de-voitures-1/chevrolet/equinox/annonce-135047;Chevrolet Equinox 2016 Dakar;Année: 2016;30 000 F CFA;Cité Keur gorgui;Augustin  Ndiaye
1767575488-44;https://dakar-auto.com/senegal/location-de-voitures-19?&page=7;https://dakar-auto.com/senegal/location-de-voitures/occasion/location-de-voitures-1/hyundai/santa-fe/annonce-135109;Hyundai Santa Fe 2016 Dakar;Année: 2016;25 000 F CFA;Sicap Foire;AMautomobile .
1767575498-45;https://dakar-auto.com/senegal/location-de-voitures-19?&page=6;https://dakar-auto.com/senegal/location-de-voitures/occasion/location-de-voitures-1/toyota/rav-4/annonce-135113;Toyota Rav 4 2016 Dakar;Année: 2016;30 000 F CFA;Yoff;A vos  services
1767575501-46;https://dakar-auto.com/senegal/location-de-voitures-19?&page=6;https://dakar-auto.com/senegal/location-de-voitures/occasion/location-de-voitures-1/peugeot/partner/annonce-135122;Peugeot Partner 2016 Dakar;Année: 2016;25 000 F CFA;Ngor;J. M
1767575505-47;https://dakar-auto.com/senegal/location-de-voitures-19?&page=6;https://dakar-auto.com/senegal/location-de-voitures/occasion/location-de-voitures-1/hyundai/tucson/annonce-135128;Hyundai Tucson 2016 Dakar;Année: 2016;40 000 F CFA;Liberté 2;SEN  BAZAR
1767575510-48;https://dakar-auto.com/senegal/location-de-voitures-19?&page=6;https://dakar-auto.com/senegal/location-de-voitures/occasion/location-de-voitures-1/kia/sorento/annonce-135145;Kia Sorento 2016 Dakar;Année: 2016;40 000 F CFA;Yoff;Abdia ...
1767575513-49;https://dakar-auto.com/senegal/location-de-voitures-19?&page=6;https://dakar-auto.com/senegal/location-de-voitures/occasion/location-de-voitures-1/kia/sportage/annonce-135158;Kia Sportage 2016 Dakar;Année: 2016;30 000 F CFA;Yoff;A vos  services
1767575517-50;https://dakar-auto.com/senegal/location-de-voitures-19?&page=6;https://dakar-auto.com/senegal/location-de-voitures/occasion/location-de-voitures-1/jeep/grand-cherokee-limited/annonce-135180;Jeep GRAND-CHEROKEE-LIMITED 2020 Dakar;Année: 2020;100 000 F CFA;Sicap Liberté;Khardiata  LY
1767575521-51;https://dakar-auto.com/senegal/location-de-voitures-19?&page=6;https://dakar-auto.com/senegal/location-de-voitures/occasion/location-de-voitures-1/hyundai/santa-fe/annonce-135181;Hyundai Santa Fe 2018 Dakar;Année: 2018;50 000 F CFA;Sicap Liberté;Khardiata  LY
1767575524-52;https://dakar-auto.com/senegal/location-de-voitures-19?&page=6;https://dakar-auto.com/senegal/location-de-voitures/occasion/location-de-voitures-1/kia/sportage/annonce-134685;Kia Sportage 2016 Dakar;Année: 2016;25 000 F CFA;Ngor;Alcine .
1767575527-53;https://dakar-auto.com/senegal/location-de-voitures-19?&page=6;https://dakar-auto.com/senegal/location-de-voitures/occasion/location-de-voitures-1/hyundai/accent/annonce-135202;Hyundai Accent 2015 Dakar;125000 km;30 000 F CFA;Yoff;Penda NDIAYE
1767575531-54;https://dakar-auto.com/senegal/location-de-voitures-19?&page=6;https://dakar-auto.com/senegal/location-de-voitures/occasion/location-de-voitures-1/nissan/rogue/annonce-135204;Nissan ROGUE 2016 Dakar;Année: 2016;35 000 F CFA;Parcelles Assainies;XLOC .
1767575534-55;https://dakar-auto.com/senegal/location-de-voitures-19?&page=6;https://dakar-auto.com/senegal/location-de-voitures/occasion/location-de-voitures-1/ford/escape-se/annonce-135206;Ford ESCAPE-SE 2012 Dakar;Année: 2012;35 000 F CFA;Parcelles Assainies;XLOC .
1767575537-56;https://dakar-auto.com/senegal/location-de-voitures-19?&page=6;https://dakar-auto.com/senegal/location-de-voitures/occasion/location-de-voitures-1/ford/escape-se/annonce-135213;Ford ESCAPE-SE 2016 Dakar;Année: 2016;35 000 F CFA;Almadies;ahmad .
1767575541-57;https://dakar-auto.com/senegal/location-de-voitures-19?&page=6;https://dakar-auto.com/senegal/location-de-voitures/occasion/location-de-voitures-1/peugeot/308/annonce-135228;Peugeot 308 2012 Dakar;Année: 2012;20 000 F CFA;Keur Massar;Lamine  Djitte
1767575545-58;https://dakar-auto.com/senegal/location-de-voitures-19?&page=6;https://dakar-auto.com/senegal/location-de-voitures/occasion/location-de-voitures-1/citroen/c3/annonce-135232;Citroen C3 2019 Dakar;Année: 2019;25 000 F CFA;Yoff;A vos  services
1767575549-59;https://dakar-auto.com/senegal/location-de-voitures-19?&page=6;https://dakar-auto.com/senegal/location-de-voitures/occasion/location-de-voitures-1/ford/focus/annonce-135233;Ford Focus 2016 Dakar;Année: 2016;20 000 F CFA;Yoff;A vos  services
1767575553-60;https://dakar-auto.com/senegal/location-de-voitures-19?&page=6;https://dakar-auto.com/senegal/location-de-voitures/occasion/location-de-voitures-1/toyota/avensis/annonce-135299;Toyota Avensis 2014 Dakar;Année: 2014;20 000 F CFA;Fass;Easy_Trip_ Sen
1767575556-61;https://dakar-auto.com/senegal/location-de-voitures-19?&page=6;https://dakar-auto.com/senegal/location-de-voitures/occasion/location-de-voitures-1/ford/escape-se/annonce-135300;Ford ESCAPE-SE 2013 Dakar;Année: 2013;30 000 F CFA;Fass;Easy_Trip_ Sen
1767575560-62;https://dakar-auto.com/senegal/location-de-voitures-19?&page=6;https://dakar-auto.com/senegal/location-de-voitures/occasion/location-de-voitures-1/ford/focus/annonce-135129;Ford Focus 2016 Dakar;Année: 2016;25 000 F CFA;Médina;SEN  BAZAR
1767575564-63;https://dakar-auto.com/senegal/location-de-voitures-19?&page=6;https://dakar-auto.com/senegal/location-de-voitures/occasion/location-de-voitures-1/ford/escape-titanium/annonce-135383;Ford Escape-Titanium 2016 Dakar;Année: 2016;35 000 F CFA;VDN;MODOU  LO
1767575567-64;https://dakar-auto.com/senegal/location-de-voitures-19?&page=6;https://dakar-auto.com/senegal/location-de-voitures/occasion/location-de-voitures-1/ford/escape-se/annonce-135386;Ford ESCAPE-SE 2014 Dakar;Année: 2014;30 000 F CFA;Plateau;Abibatou  Diop
1767575577-65;https://dakar-auto.com/senegal/location-de-voitures-19?&page=5;https://dakar-auto.com/senegal/location-de-voitures/occasion/location-de-voitures-1/hyundai/sonata/annonce-135392;Hyundai Sonata 2013 Dakar;Année: 2013;25 000 F CFA;VDN;MODOU  LO
1767575581-66;https://dakar-auto.com/senegal/location-de-voitures-19?&page=5;https://dakar-auto.com/senegal/location-de-voitures/occasion/location-de-voitures-1/ford/fusion/annonce-135441;Ford Fusion 2013 Dakar;Année: 2013;35 000 F CFA;Mermoz Sacré-Coeur;Originodesign  Market
1767575585-67;https://dakar-auto.com/senegal/location-de-voitures-19?&page=5;https://dakar-auto.com/senegal/location-de-voitures/occasion/location-de-voitures-1/hyundai/mini-bus-hyundai/annonce-135452;Hyundai mini-bus-hyundai 2013 Dakar;Année: 2013;60 000 F CFA;Ouakam;SYLLA BUSINESS  GROUP
1767575588-68;https://dakar-auto.com/senegal/location-de-voitures-19?&page=5;https://dakar-auto.com/senegal/location-de-voitures/occasion/location-de-voitures-1/ford/escape-se/annonce-135454;Ford ESCAPE-SE 2014 Dakar;Année: 2014;35 000 F CFA;Ouakam;SYLLA BUSINESS  GROUP
1767575591-69;https://dakar-auto.com/senegal/location-de-voitures-19?&page=5;https://dakar-auto.com/senegal/location-de-voitures/occasion/location-de-voitures-1/mercedes/ml-350/annonce-135459;Mercedes ML 350 2016 Dakar;Année: 2016;60 000 F CFA;Yoff;A vos  services
1767575594-70;https://dakar-auto.com/senegal/location-de-voitures-19?&page=5;https://dakar-auto.com/senegal/location-de-voitures/occasion/location-de-voitures-1/ford/explorer/annonce-135461;Ford Explorer 2016 Dakar;Année: 2016;60 000 F CFA;Yoff;A vos  services
1767575597-71;https://dakar-auto.com/senegal/location-de-voitures-19?&page=5;https://dakar-auto.com/senegal/location-de-voitures/occasion/location-de-voitures-1/toyota/hilux/annonce-135490;Toyota Hilux 2016 Dakar;Année: 2016;50 000 F CFA;Grand-Dakar;Bouly  DIEDHIOU
1767575600-72;https://dakar-auto.com/senegal/location-de-voitures-19?&page=5;https://dakar-auto.com/senegal/location-de-voitures/occasion/location-de-voitures-1/toyota/hiace/annonce-135505;Toyota Hiace 2021 Dakar;Année: 2021;70 000 F CFA;Ouakam;SYLLA BUSINESS  GROUP
1767575604-73;https://dakar-auto.com/senegal/location-de-voitures-19?&page=5;https://dakar-auto.com/senegal/location-de-voitures/occasion/location-de-voitures-1/hyundai/elantra/annonce-135566;Hyundai Elantra 2013 Dakar;Année: 2013;30 000 F CFA;Nord Foire;Julie  Campara
1767575608-74;https://dakar-auto.com/senegal/location-de-voitures-19?&page=5;https://dakar-auto.com/senegal/location-de-voitures/occasion/location-de-voitures-1/hyundai/tucson/annonce-135702;Hyundai Tucson 2016 Dakar;Année: 2016;30 000 F CFA;Liberté 4;Caroline ,
1767575612-75;https://dakar-auto.com/senegal/location-de-voitures-19?&page=5;https://dakar-auto.com/senegal/location-de-voitures/occasion/location-de-voitures-1/ford/escape-se/annonce-135753;Ford ESCAPE-SE 2016 Dakar;Année: 2016;40 000 F CFA;Yoff;Babacar ba  résidence
1767575615-76;https://dakar-auto.com/senegal/location-de-voitures-19?&page=5;https://dakar-auto.com/senegal/location-de-voitures/occasion/location-de-voitures-1/peugeot/308/annonce-135756;Peugeot 308 2012 Dakar;Année: 2012;25 000 F CFA;Mamelles;Auto business  Dakar
1767575618-77;https://dakar-auto.com/senegal/location-de-voitures-19?&page=5;https://dakar-auto.com/senegal/location-de-voitures/occasion/location-de-voitures-1/toyota/hilux/annonce-135761;Toyota Hilux 2018 Dakar;Année: 2018;30 000 F CFA;Hann Bel-Air;PAPIEX .
1767575621-78;https://dakar-auto.com/senegal/location-de-voitures-19?&page=5;https://dakar-auto.com/senegal/location-de-voitures/occasion/location-de-voitures-1/ford/edge/annonce-135787;Ford Edge 2014 Dakar;Année: 2014;30 000 F CFA;Médina;Cheikh .
1767575625-79;https://dakar-auto.com/senegal/location-de-voitures-19?&page=5;https://dakar-auto.com/senegal/location-de-voitures/occasion/location-de-voitures-1/ford/fusion/annonce-135835;Ford Fusion 2016 Dakar;Année: 2016;35 000 F CFA;Dieuppeul Derklé;Lendom  Zefff
1767575629-80;https://dakar-auto.com/senegal/location-de-voitures-19?&page=5;https://dakar-auto.com/senegal/location-de-voitures/occasion/location-de-voitures-1/hyundai/elantra/annonce-135862;Hyundai Elantra 2014 Dakar;Année: 2014;25 000 F CFA;Amitié;peezy .
1767575634-81;https://dakar-auto.com/senegal/location-de-voitures-19?&page=5;https://dakar-auto.com/senegal/location-de-voitures/occasion/location-de-voitures-1/ford/flex-limited/annonce-135869;Ford Flex-limited 2019 Dakar;Année: 2019;55 000 F CFA;Hann Maristes;DIOP .
1767575637-82;https://dakar-auto.com/senegal/location-de-voitures-19?&page=5;https://dakar-auto.com/senegal/location-de-voitures/occasion/location-de-voitures-1/chevrolet/cruze/annonce-135926;Chevrolet Cruze 2016 Dakar;Année: 2016;25 000 F CFA;Almadies;Moustapha SAMBA
1767575642-83;https://dakar-auto.com/senegal/location-de-voitures-19?&page=5;https://dakar-auto.com/senegal/location-de-voitures/occasion/location-de-voitures-1/hyundai/tucson/annonce-135942;Hyundai Tucson 2015 Dakar;Année: 2015;35 000 F CFA;Liberté 2;SEN  BAZAR
1767575646-84;https://dakar-auto.com/senegal/location-de-voitures-19?&page=5;https://dakar-auto.com/senegal/location-de-voitures/occasion/location-de-voitures-1/toyota/corolla/annonce-136001;Toyota Corolla 2010 Dakar;1 km;3 000 000 F CFA;Fann;KONTE  SERVICES
1767575657-85;https://dakar-auto.com/senegal/location-de-voitures-19?&page=4;https://dakar-auto.com/senegal/location-de-voitures/occasion/location-de-voitures-1/hyundai/elantra/annonce-135357;Hyundai Elantra 2014 Dakar;Année: 2014;30 000 F CFA;Fann;KONTE  SERVICES
1767575660-86;https://dakar-auto.com/senegal/location-de-voitures-19?&page=4;https://dakar-auto.com/senegal/location-de-voitures/occasion/location-de-voitures-1/fiat/freemont/annonce-136060;Fiat Freemont 2015 Dakar;Année: 2015;50 000 F CFA;Guédiawaye;Fall .
1767575665-87;https://dakar-auto.com/senegal/location-de-voitures-19?&page=4;https://dakar-auto.com/senegal/location-de-voitures/occasion/location-de-voitures-1/mercedes/ml-350/annonce-134992;Mercedes ML 350 2014 Dakar;Année: 2014;40 000 F CFA;Ouakam;LOCA VOITURE  DAKAR
1767575669-88;https://dakar-auto.com/senegal/location-de-voitures-19?&page=4;https://dakar-auto.com/senegal/location-de-voitures/occasion/location-de-voitures-1/ford/edge/annonce-136108;Ford Edge 2014 Dakar;Année: 2014;40 000 F CFA;Ouakam;VPS  SERVICES
1767575673-89;https://dakar-auto.com/senegal/location-de-voitures-19?&page=4;https://dakar-auto.com/senegal/location-de-voitures/occasion/location-de-voitures-1/ford/fiesta/annonce-136149;Ford Fiesta 2014 Dakar;Année: 2014;25 000 F CFA;Grand-Dakar;Feudze  Immo & services
1767575677-90;https://dakar-auto.com/senegal/location-de-voitures-19?&page=4;https://dakar-auto.com/senegal/location-de-voitures/occasion/location-de-voitures-1/chrysler/200s/annonce-136153;Chrysler 200s 2017 Dakar;Année: 2017;35 000 F CFA;VDN;ahmed  cheikhouna
1767575681-91;https://dakar-auto.com/senegal/location-de-voitures-19?&page=4;https://dakar-auto.com/senegal/location-de-voitures/occasion/location-de-voitures-1/kia/sportage/annonce-136151;Kia Sportage 2016 Dakar;Année: 2016;30 000 F CFA;Dalifort;Caroline ,
1767575684-92;https://dakar-auto.com/senegal/location-de-voitures-19?&page=4;https://dakar-auto.com/senegal/location-de-voitures/occasion/location-de-voitures-1/volkswagen/jetta/annonce-136169;Volkswagen Jetta 2014 Dakar;Année: 2014;20 000 F CFA;Yoff;A vos  services
1767575687-93;https://dakar-auto.com/senegal/location-de-voitures-19?&page=4;https://dakar-auto.com/senegal/location-de-voitures/occasion/location-de-voitures-1/kia/sportage/annonce-136057;Kia Sportage 2016 Dakar;Année: 2016;30 000 F CFA;Yoff;A vos  services
1767575690-94;https://dakar-auto.com/senegal/location-de-voitures-19?&page=4;https://dakar-auto.com/senegal/location-de-voitures/occasion/location-de-voitures-1/kia/optima/annonce-135146;Kia Optima 2016 Dakar;Année: 2016;40 000 F CFA;Yoff;Abdia ...
1767575694-95;https://dakar-auto.com/senegal/location-de-voitures-19?&page=4;https://dakar-auto.com/senegal/location-de-voitures/occasion/location-de-voitures-1/hyundai/starex-12-places/annonce-136301;Hyundai Starex-12-places 2013 Dakar;Année: 2013;60 000 F CFA;Ouakam;SYLLA BUSINESS  GROUP
1767575698-96;https://dakar-auto.com/senegal/location-de-voitures-19?&page=4;https://dakar-auto.com/senegal/location-de-voitures/occasion/location-de-voitures-1/skoda/fabia/annonce-136377;Skoda fabia 2016 Dakar;Année: 2016;25 000 F CFA;Hlm;DAKAR MOTORS  PRO-SUARL
1767575702-97;https://dakar-auto.com/senegal/location-de-voitures-19?&page=4;https://dakar-auto.com/senegal/location-de-voitures/occasion/location-de-voitures-1/hyundai/sonata/annonce-136397;Hyundai Sonata 2016 Dakar;Année: 2016;25 000 F CFA;VDN;MODOU  LO
1767575705-98;https://dakar-auto.com/senegal/location-de-voitures-19?&page=4;https://dakar-auto.com/senegal/location-de-voitures/occasion/location-de-voitures-1/toyota/hilux/annonce-136406;Toyota Hilux 2016 Dakar;Année: 2016;40 000 F CFA;Diamaguene Sicap Mbao;Cartel .
1767575708-99;https://dakar-auto.com/senegal/location-de-voitures-19?&page=4;https://dakar-auto.com/senegal/location-de-voitures/occasion/location-de-voitures-1/nissan/pathfinder/annonce-136457;Nissan Pathfinder 2014 Dakar;Année: 2014;40 000 F CFA;Ouakam;LOCA VOITURE  DAKAR
1767575713-100;https://dakar-auto.com/senegal/location-de-voitures-19?&page=4;https://dakar-auto.com/senegal/location-de-voitures/occasion/location-de-voitures-1/chrysler/200s/annonce-136462;Chrysler 200s 2015 Dakar;Année: 2015;30 000 F CFA;Fann;Jules  BADJI
1767575718-101;https://dakar-auto.com/senegal/location-de-voitures-19?&page=4;https://dakar-auto.com/senegal/location-de-voitures/occasion/location-de-voitures-1/ford/fusion/annonce-136473;Ford Fusion 2014 Dakar;Année: 2014;25 000 F CFA;Patte d'oie;Trade Company
1767575722-102;https://dakar-auto.com/senegal/location-de-voitures-19?&page=4;https://dakar-auto.com/senegal/location-de-voitures/occasion/location-de-voitures-1/ford/scape/annonce-136495;Ford scape 2017 Dakar;Année: 2017;35 000 F CFA;VDN;Valer NDOUBA
1767575725-103;https://dakar-auto.com/senegal/location-de-voitures-19?&page=4;https://dakar-auto.com/senegal/location-de-voitures/occasion/location-de-voitures-1/hyundai/tucson/annonce-136496;Hyundai Tucson 2017 Dakar;Année: 2017;35 000 F CFA;VDN;Valer NDOUBA
1767575731-104;https://dakar-auto.com/senegal/location-de-voitures-19?&page=4;https://dakar-auto.com/senegal/location-de-voitures/occasion/location-de-voitures-1/jeep/cherokee/annonce-136534;Jeep Cherokee 2020 Dakar;Année: 2020;50 000 F CFA;Yoff;A vos  services
1767575744-105;https://dakar-auto.com/senegal/location-de-voitures-19?&page=3;https://dakar-auto.com/senegal/location-de-voitures/occasion/location-de-voitures-1/kia/k5/annonce-136533;Kia K5 2016 Dakar;Année: 2016;1 F CFA;Yoff;A vos  services
1767575747-106;https://dakar-auto.com/senegal/location-de-voitures-19?&page=3;https://dakar-auto.com/senegal/location-de-voitures/occasion/location-de-voitures-1/toyota/hilux/annonce-136543;Toyota Hilux 2014 Dakar;Année: 2014;50 000 F CFA;Bel Air;travelsencar ..
1767575751-107;https://dakar-auto.com/senegal/location-de-voitures-19?&page=3;https://dakar-auto.com/senegal/location-de-voitures/occasion/location-de-voitures-1/ford/edge/annonce-136109;Ford Edge 2016 Dakar;Année: 2016;40 000 F CFA;Ouakam;VPS  SERVICES
1767575756-108;https://dakar-auto.com/senegal/location-de-voitures-19?&page=3;https://dakar-auto.com/senegal/location-de-voitures/occasion/location-de-voitures-1/toyota/rav-4/annonce-136576;Toyota Rav 4 2017 Dakar;Année: 2017;40 000 F CFA;Hlm;Taiba Immo  Services
1767575760-109;https://dakar-auto.com/senegal/location-de-voitures-19?&page=3;https://dakar-auto.com/senegal/location-de-voitures/occasion/location-de-voitures-1/mitsubishi/l200/annonce-136602;Mitsubishi L200 2016 Dakar;Année: 2016;35 000 F CFA;Parcelles Assainies;Lamine  Fall
1767575765-110;https://dakar-auto.com/senegal/location-de-voitures-19?&page=3;https://dakar-auto.com/senegal/location-de-voitures/occasion/location-de-voitures-1/ford/fusion/annonce-136639;Ford Fusion 2016 Dakar;Année: 2016;40 000 F CFA;Yoff;Babacar ba  résidence
1767575769-111;https://dakar-auto.com/senegal/location-de-voitures-19?&page=3;https://dakar-auto.com/senegal/location-de-voitures/occasion/location-de-voitures-1/hyundai/tucson/annonce-136650;Hyundai Tucson 2016 Dakar;Année: 2016;35 000 F CFA;Liberté 2;Elhadj ben  abdallah
1767575774-112;https://dakar-auto.com/senegal/location-de-voitures-19?&page=3;https://dakar-auto.com/senegal/location-de-voitures/occasion/location-de-voitures-1/ford/transit/annonce-136680;Ford Transit 2016 Dakar;Année: 2016;60 000 F CFA;Médina;Kena Impact  Groupes
1767575778-113;https://dakar-auto.com/senegal/location-de-voitures-19?&page=3;https://dakar-auto.com/senegal/location-de-voitures/occasion/location-de-voitures-1/ford/fusion/annonce-136723;Ford Fusion 2013 Dakar;Année: 2013;45 000 F CFA;Ouest Foire;Lamine Konare
1767575783-114;https://dakar-auto.com/senegal/location-de-voitures-19?&page=3;https://dakar-auto.com/senegal/location-de-voitures/occasion/location-de-voitures-1/ford/fusion/annonce-136722;Ford Fusion 2014 Dakar;Année: 2014;45 000 F CFA;Ouest Foire;Lamine Konare
1767575788-115;https://dakar-auto.com/senegal/location-de-voitures-19?&page=3;https://dakar-auto.com/senegal/location-de-voitures/occasion/location-de-voitures-1/hyundai/sonata/annonce-136720;Hyundai Sonata 2014 Dakar;Année: 2014;30 000 F CFA;Hann Maristes;Babs Motos,  Scooters
1767575795-116;https://dakar-auto.com/senegal/location-de-voitures-19?&page=3;https://dakar-auto.com/senegal/location-de-voitures/occasion/location-de-voitures-1/ford/edge/annonce-136739;Ford Edge 2018 Dakar;Année: 2018;60 000 F CFA;Grand-Yoff;Atlantic  auto
1767575798-117;https://dakar-auto.com/senegal/location-de-voitures-19?&page=3;https://dakar-auto.com/senegal/location-de-voitures/occasion/location-de-voitures-1/isuzu/camionnette/annonce-136731;Isuzu CAMIONNETTE 2010 Dakar;Année: 2010;35 000 F CFA;Parcelles Assainies;NAWANAM SUARL
1767575803-118;https://dakar-auto.com/senegal/location-de-voitures-19?&page=3;https://dakar-auto.com/senegal/location-de-voitures/occasion/location-de-voitures-1/renault/camion-frigo-meldium-220cdi/annonce-136730;Renault Camion-Frigo-meldium-220CDI 2010 Dakar;Année: 2010;50 000 F CFA;Parcelles Assainies;NAWANAM SUARL
1767575806-119;https://dakar-auto.com/senegal/location-de-voitures-19?&page=3;https://dakar-auto.com/senegal/location-de-voitures/occasion/location-de-voitures-1/renault/premium-270-dci-frigo/annonce-136729;Renault premium-270-dci-frigo 2010 Dakar;Année: 2010;70 000 F CFA;Parcelles Assainies;NAWANAM SUARL
1767575809-120;https://dakar-auto.com/senegal/location-de-voitures-19?&page=3;https://dakar-auto.com/senegal/location-de-voitures/occasion/location-de-voitures-1/chevrolet/cruze/annonce-136931;Chevrolet Cruze 2013 Dakar;Année: 2013;25 000 F CFA;Sicap Sacré Coeur;Amadou  gaye
1767575813-121;https://dakar-auto.com/senegal/location-de-voitures-19?&page=3;https://dakar-auto.com/senegal/location-de-voitures/occasion/location-de-voitures-1/hyundai/elantra/annonce-136615;Hyundai Elantra 2015 Dakar;Année: 2015;30 000 F CFA;Médina;SEN  BAZAR
1767575816-122;https://dakar-auto.com/senegal/location-de-voitures-19?&page=3;https://dakar-auto.com/senegal/location-de-voitures/occasion/location-de-voitures-1/hyundai/accent/annonce-137025;Hyundai Accent 2020 Dakar;Année: 2020;50 000 F CFA;Mbour;Yva Ndour
1767575819-123;https://dakar-auto.com/senegal/location-de-voitures-19?&page=3;https://dakar-auto.com/senegal/location-de-voitures/occasion/location-de-voitures-1/ford/edge/annonce-137027;Ford Edge 2015 Dakar;Année: 2015;45 000 F CFA;Point-E;TECHZONE .
1767575822-124;https://dakar-auto.com/senegal/location-de-voitures-19?&page=3;https://dakar-auto.com/senegal/location-de-voitures/occasion/location-de-voitures-1/renault/espace/annonce-137029;Renault Espace 2019 Dakar;Année: 2019;10 000 F CFA;Ouakam;Boutik Promo
1767575832-125;https://dakar-auto.com/senegal/location-de-voitures-19?&page=2;https://dakar-auto.com/senegal/location-de-voitures/occasion/location-de-voitures-1/hyundai/atos/annonce-137030;Hyundai Atos 2019 Dakar;Année: 2019;30 000 F CFA;Liberté 6;Car Service Dakar
1767575836-126;https://dakar-auto.com/senegal/location-de-voitures-19?&page=2;https://dakar-auto.com/senegal/location-de-voitures/occasion/location-de-voitures-1/ford/escape-se/annonce-137028;Ford ESCAPE-SE 2019 Dakar;Année: 2019;35 000 F CFA;Cité Keur gorgui;Madiba Auto rent
1767575839-127;https://dakar-auto.com/senegal/location-de-voitures-19?&page=2;https://dakar-auto.com/senegal/location-de-voitures/occasion/location-de-voitures-1/kia/sorento/annonce-137032;Kia Sorento 2020 Dakar;Année: 2020;40 000 F CFA;Yoff;Abdia ...
1767575843-128;https://dakar-auto.com/senegal/location-de-voitures-19?&page=2;https://dakar-auto.com/senegal/location-de-voitures/occasion/location-de-voitures-1/ford/explorer/annonce-137037;Ford Explorer 2019 Dakar;Année: 2019;60 000 F CFA;Yoff;A vos  services
1767575846-129;https://dakar-auto.com/senegal/location-de-voitures-19?&page=2;https://dakar-auto.com/senegal/location-de-voitures/occasion/location-de-voitures-1/hyundai/elantra/annonce-137036;Hyundai Elantra 2014 Dakar;Année: 2014;30 000 F CFA;Médina;SEN  BAZAR
1767575850-130;https://dakar-auto.com/senegal/location-de-voitures-19?&page=2;https://dakar-auto.com/senegal/location-de-voitures/occasion/location-de-voitures-1/ford/fusion/annonce-137035;Ford Fusion 2015 Dakar;Année: 2015;30 000 F CFA;Médina;SEN  BAZAR
1767575853-131;https://dakar-auto.com/senegal/location-de-voitures-19?&page=2;https://dakar-auto.com/senegal/location-de-voitures/occasion/location-de-voitures-1/ford/titanium/annonce-137034;Ford titanium 2020 Dakar;Année: 2020;40 000 F CFA;Médina;BS Auto
1767575857-132;https://dakar-auto.com/senegal/location-de-voitures-19?&page=2;https://dakar-auto.com/senegal/location-de-voitures/occasion/location-de-voitures-1/ford/fusion/annonce-137033;Ford Fusion 2020 Dakar;Année: 2020;35 000 F CFA;Biscuiterie;Evrad  Peter
1767575864-133;https://dakar-auto.com/senegal/location-de-voitures-19?&page=2;https://dakar-auto.com/senegal/location-de-voitures/occasion/location-de-voitures-1/bmw/serie-5/annonce-137054;Bmw Serie 5 2014 Dakar;Année: 2014;70 000 F CFA;Virage;Coulibaly  Mamadou
1767575868-134;https://dakar-auto.com/senegal/location-de-voitures-19?&page=2;https://dakar-auto.com/senegal/location-de-voitures/occasion/location-de-voitures-1/kia/optima/annonce-137084;Kia Optima 2014 Dakar;Année: 2014;25 000 F CFA;Ouakam;Valer NDOUBA
1767575873-135;https://dakar-auto.com/senegal/location-de-voitures-19?&page=2;https://dakar-auto.com/senegal/location-de-voitures/occasion/location-de-voitures-1/ford/fusion/annonce-137304;Ford Fusion 2013 Dakar;1 km;30 000 F CFA;Point-E;TECHZONE .
1767575876-136;https://dakar-auto.com/senegal/location-de-voitures-19?&page=2;https://dakar-auto.com/senegal/location-de-voitures/occasion/location-de-voitures-1/citroen/ds4/annonce-137347;Citroen Ds4 2014 Dakar;Année: 2014;30 000 F CFA;Guédiawaye;unicar UNICAR
1767575881-137;https://dakar-auto.com/senegal/location-de-voitures-19?&page=2;https://dakar-auto.com/senegal/location-de-voitures/occasion/location-de-voitures-1/ford/minibus/annonce-137402;Ford Minibus 2015 Dakar;Année: 2015;75 000 F CFA;Médina;Kena Impact  Groupes
1767575884-138;https://dakar-auto.com/senegal/location-de-voitures-19?&page=2;https://dakar-auto.com/senegal/location-de-voitures/occasion/location-de-voitures-1/mitsubishi/asx/annonce-137678;Mitsubishi Asx 2014 Dakar;Année: 2014;40 000 F CFA;Ouest Foire;Rent Auto
1767575887-139;https://dakar-auto.com/senegal/location-de-voitures-19?&page=2;https://dakar-auto.com/senegal/location-de-voitures/occasion/location-de-voitures-1/kia/sportage/annonce-137868;Kia Sportage 2012 Dakar;Année: 2012;35 000 F CFA;Almadies;Moustapha SAMBA
1767575892-140;https://dakar-auto.com/senegal/location-de-voitures-19?&page=2;https://dakar-auto.com/senegal/location-de-voitures/occasion/location-de-voitures-1/nissan/rogue-sl-awd/annonce-137867;Nissan ROGUE-SL-AWD 2015 Dakar;Année: 2015;35 000 F CFA;Thiès;AlfaBusinessGroup BARRY
1767575896-141;https://dakar-auto.com/senegal/location-de-voitures-19?&page=2;https://dakar-auto.com/senegal/location-de-voitures/occasion/location-de-voitures-1/hyundai/elantra/annonce-138103;Hyundai Elantra 2013 Dakar;Année: 2013;19 500 F CFA;Nord Foire;Mouhamed Diallo
1767575900-142;https://dakar-auto.com/senegal/location-de-voitures-19?&page=2;https://dakar-auto.com/senegal/location-de-voitures/occasion/location-de-voitures-1/hyundai/starex-12-places/annonce-138259;Hyundai Starex-12-places 2020 Dakar;Année: 2020;50 000 F CFA;Pikine Ouest;David  Niang
1767575907-143;https://dakar-auto.com/senegal/location-de-voitures-19?&page=2;https://dakar-auto.com/senegal/location-de-voitures/occasion/location-de-voitures-1/hyundai/sonata/annonce-138372;Hyundai Sonata 2014 Dakar;Année: 2014;37 000 F CFA;Parcelles Assainies;DRT Automobile
1767575914-144;https://dakar-auto.com/senegal/location-de-voitures-19?&page=2;https://dakar-auto.com/senegal/location-de-voitures/occasion/location-de-voitures-1/hyundai/sonata/annonce-138371;Hyundai Sonata 2014 Dakar;Année: 2014;35 000 F CFA;Parcelles Assainies;DRT Automobile
1767575921-145;https://dakar-auto.com/senegal/location-de-voitures-19?&page=1;https://dakar-auto.com/senegal/location-de-voitures/occasion/location-de-voitures-1/kia/sportage/annonce-138395;Kia Sportage 2015 Dakar;Année: 2015;25 000 F CFA;Almadies;Moustapha SAMBA
1767575930-146;https://dakar-auto.com/senegal/location-de-voitures-19?&page=1;https://dakar-auto.com/senegal/location-de-voitures/occasion/location-de-voitures-1/ford/fusion/annonce-138438;Ford Fusion 2014 Dakar;10000 km;30 000 F CFA;Médina;Bakay Samassa
1767575936-147;https://dakar-auto.com/senegal/location-de-voitures-19?&page=1;https://dakar-auto.com/senegal/location-de-voitures/occasion/location-de-voitures-1/toyota/verso/annonce-138493;Toyota Verso 2014 Dakar;Année: 2014;25 000 F CFA;Mermoz Sacré-Coeur;LocAuto Sénégal Location de voiture
1767575939-148;https://dakar-auto.com/senegal/location-de-voitures-19?&page=1;https://dakar-auto.com/senegal/location-de-voitures/occasion/location-de-voitures-1/hyundai/elantra/annonce-138492;Hyundai Elantra 2015 Dakar;Année: 2015;20 000 F CFA;Mermoz Sacré-Coeur;LocAuto Sénégal Location de voiture
1767575942-149;https://dakar-auto.com/senegal/location-de-voitures-19?&page=1;https://dakar-auto.com/senegal/location-de-voitures/occasion/location-de-voitures-1/hyundai/elantra/annonce-138491;Hyundai Elantra 2015 Dakar;Année: 2015;20 000 F CFA;Mermoz Sacré-Coeur;LocAuto Sénégal Location de voiture
1767575946-150;https://dakar-auto.com/senegal/location-de-voitures-19?&page=1;https://dakar-auto.com/senegal/location-de-voitures/occasion/location-de-voitures-1/toyota/rav-4/annonce-138490;Toyota Rav 4 2020 Dakar;Année: 2020;35 000 F CFA;Mermoz Sacré-Coeur;LocAuto Sénégal Location de voiture
1767575950-151;https://dakar-auto.com/senegal/location-de-voitures-19?&page=1;https://dakar-auto.com/senegal/location-de-voitures/occasion/location-de-voitures-1/ford/fusion/annonce-138518;Ford Fusion 2015 Dakar;Année: 2015;35 000 F CFA;Cité Keur gorgui;Pape  Cheikh automobile
1767575953-152;https://dakar-auto.com/senegal/location-de-voitures-19?&page=1;https://dakar-auto.com/senegal/location-de-voitures/occasion/location-de-voitures-1/ford/fiesta/annonce-138548;Ford Fiesta 2014 Dakar;Année: 2014;30 000 F CFA;Sangalkam;Medoune Ndiaye
1767575958-153;https://dakar-auto.com/senegal/location-de-voitures-19?&page=1;https://dakar-auto.com/senegal/location-de-voitures/occasion/location-de-voitures-1/peugeot/308/annonce-138621;Peugeot 308 2013 Dakar;Année: 2013;30 000 F CFA;Grand-Yoff;Chic Drive
1767575961-154;https://dakar-auto.com/senegal/location-de-voitures-19?&page=1;https://dakar-auto.com/senegal/location-de-voitures/occasion/location-de-voitures-1/citroen/berlingo/annonce-138611;Citroen Berlingo 2014 Dakar;Année: 2014;20 000 F CFA;Médina;Chasseur  Automobile
1767575965-155;https://dakar-auto.com/senegal/location-de-voitures-19?&page=1;https://dakar-auto.com/senegal/location-de-voitures/occasion/location-de-voitures-1/mazda/cx-5/annonce-139588;Mazda Cx-5 2016 Dakar;Année: 2016;50 000 F CFA;Ouest Foire;Mouhamed  Sene
1767575971-156;https://dakar-auto.com/senegal/location-de-voitures-19?&page=1;https://dakar-auto.com/senegal/location-de-voitures/occasion/location-de-voitures-1/ford/fusion/annonce-139552;Ford Fusion 2016 Dakar;Année: 2016;30 000 F CFA;Parcelles Assainies;Gallas  FAYE
1767575976-157;https://dakar-auto.com/senegal/location-de-voitures-19?&page=1;https://dakar-auto.com/senegal/location-de-voitures/occasion/location-de-voitures-1/hyundai/avante/annonce-139587;Hyundai Avante 2015 Dakar;Année: 2015;30 000 F CFA;Parcelles Assainies;Mouhamed  Sene
1767575980-158;https://dakar-auto.com/senegal/location-de-voitures-19?&page=1;https://dakar-auto.com/senegal/location-de-voitures/occasion/location-de-voitures-1/ford/fusion/annonce-139586;Ford Fusion 2014 Dakar;Année: 2014;30 000 F CFA;Médina;Mouhamed  Sene
1767575985-159;https://dakar-auto.com/senegal/location-de-voitures-19?&page=1;https://dakar-auto.com/senegal/location-de-voitures/occasion/location-de-voitures-1/jeep/grand-cherokee/annonce-139585;Jeep grand-cherokee 2016 Dakar;60000 km;60 000 F CFA;Cambérène;Mouhamed  Sene
1767575989-160;https://dakar-auto.com/senegal/location-de-voitures-19?&page=1;https://dakar-auto.com/senegal/location-de-voitures/occasion/location-de-voitures-1/ford/edge/annonce-139584;Ford Edge 2017 Dakar;50000 km;45 000 F CFA;Guédiawaye;Mouhamed  Sene
1767575993-161;https://dakar-auto.com/senegal/location-de-voitures-19?&page=1;https://dakar-auto.com/senegal/location-de-voitures/occasion/location-de-voitures-1/ford/scape/annonce-139745;Ford scape 2013 Dakar;Année: 2013;4 500 000 F CFA;Guédiawaye;TERANGUA  BII
1767575996-162;https://dakar-auto.com/senegal/location-de-voitures-19?&page=1;https://dakar-auto.com/senegal/location-de-voitures/occasion/location-de-voitures-1/ford/escape-se/annonce-139746;Ford ESCAPE-SE 2013 Dakar;Année: 2013;30 000 F CFA;Guédiawaye;TERANGUA  BII
1767575999-163;https://dakar-auto.com/senegal/location-de-voitures-19?&page=1;https://dakar-auto.com/senegal/location-de-voitures/occasion/location-de-voitures-1/mitsubishi/l200/annonce-139924;Mitsubishi L200 2018 Dakar;Année: 2018;50 000 F CFA;Thiès;AlfaBusinessGroup BARRY
1767576003-164;https://dakar-auto.com/senegal/location-de-voitures-19?&page=1;https://dakar-auto.com/senegal/location-de-voitures/occasion/location-de-voitures-1/hyundai/santa-fe/annonce-139923;Hyundai Santa Fe 2017 Dakar;Année: 2017;35 000 F CFA;Thiès;AlfaBusinessGroup BARRY
